"result","question","mode","entered_by","date_entered","test","version","test_number","sample_number","result_number"
"tim","Names?","B","Default","2015-11-15 21:34:54","Name of person",4,1153,789,"1"
"tim","Names?","B","Default","2015-11-15 21:38:13","Name of person",4,1155,790,"2"
"bob","Names?","B","Default","2015-11-15 21:38:37","Name of person",4,1157,791,"3"
"??crazy?","Wirds?","B","Default","2015-11-15 21:43:11","Weird",1,1159,792,"4"
"tim","Names?","B","Default","2015-11-16 21:31:51","Name of person",4,1169,796,"5"
"cathy","Names?","B","Default","2015-11-16 21:32:05","Name of person",4,1171,797,"6"
"cathy","Names?","B","Default","2015-11-16 21:32:17","Name of person",4,1173,798,"7"
"xbx","Wirds?","B","Default","2015-11-17 20:01:27","Weird",3,1175,799,"8"
"","Wirds?","B","Default","2015-11-17 20:01:49","Weird",3,1176,800,"9"
"","Names?","B","Default","2015-11-17 20:05:46","Name of person",4,1177,794,"10"
"","Wirds?","B","Default","2015-11-17 20:05:46","Weird",3,1178,794,"11"
"cgfnc","Wirds?","B","Default","2015-11-17 20:08:03","Weird",3,1179,793,"12"
"","Wirds?","B","Default","2015-11-17 20:08:18","Weird",3,1180,795,"13"
"","Wirds?","B","Default","2015-11-17 20:10:19","Weird",4,1181,801,"14"
"1435","petal length","B","Default","2015-11-17 20:27:55","Iris petal",1,1183,802,"15"
"","ets","B","Default","2015-11-17 20:29:42","test",1,1184,803,"16"
"","ets","B","Default","2015-11-17 20:30:09","test",2,1185,804,"17"
"138","testss","B","Default","2015-11-17 20:33:47","testing2",1,1187,805,"18"
"sefsff","sgseg","B","Default","2015-11-17 20:45:35","sefsefs",1,1189,806,"19"
"","testss","B","Default","2015-11-17 20:47:26","testing2",1,1190,807,"20"
"","ets","B","Default","2015-11-17 20:48:51","test",2,1191,808,"21"
"","Wirds?","B","Default","2015-11-17 20:49:42","Weird",4,1192,809,"22"
"","Wirds?","B","Default","2015-11-17 20:51:54","Weird",4,1193,810,"23"
"","weird!?","B","Default","2015-11-17 20:53:07","?wiedff!",1,1194,811,"24"
"","Wirds?","B","Default","2015-11-17 20:54:02","Weird",4,1195,812,"25"
"sgs","mtili","B","Default","2015-11-17 20:55:06","mutli",1,1197,813,"26"
"dgsdg","mtili","B","Default","2015-11-17 20:55:37","mutli",1,1199,814,"27"
"","sefs","B","Default","2015-11-17 21:03:55","sefsef",1,1200,815,"28"
