"Question","Question_order","Test","Active","multiple_results","types","lists","max","min","step","unit","required","Date_created","constraint_message","Hint","Question_order_name","Version"
"awa","Question_test_1","waww","TRUE","FALSE","text box",NA,0,0,0,"none",FALSE,"2015-10-15 23:03:50",NA,NA,"Question_test_1awa",1
"hot","Question_test_1","drink","TRUE","FALSE","numeric",NA,10,1,1,"kg",TRUE,"1444946785.14109",NA,NA,"Question_test_1hot",1
"TEWS","Question_test_2","drink","TRUE","FALSE","text box",NA,0,0,0,"none",TRUE,"1444946785.14109",NA,NA,"Question_test_2TEWS",1
"tre","Question_test_1","tre","TRUE","TRUE","text box",NA,0,0,0,"none",TRUE,"1445044253.64491",NA,NA,"Question_test_1tre",1
"ref","Question_test_2","tre","TRUE","TRUE","text box",NA,0,0,0,"none",FALSE,"1445044253.64491",NA,NA,"Question_test_2ref",1
"awa","Question_test_1","waww","TRUE","FALSE","text box",NA,0,0,0,"none",FALSE,"2015-10-20 21:30:19",NA,NA,"Question_test_1awa",2
"update","Question_test_1","waww","TRUE","FALSE","text box",NA,0,0,0,"none",FALSE,"2015-10-20 21:31:10",NA,NA,"Question_test_1update",3
"hot","Question_test_1","drink","TRUE","FALSE","numeric",NA,10,1,1,"kg",TRUE,"2015-10-20 21:37:12",NA,NA,"Question_test_1hot",2
"Sugar","Question_test_2","drink","TRUE","FALSE","text box",NA,10,1,1,"kg",TRUE,"2015-10-20 21:37:12",NA,NA,"Question_test_2Sugar",2
"hot","Question_test_1","drink","TRUE","TRUE","numeric",NA,10,1,1,"kg",TRUE,"2015-10-20 21:37:59",NA,NA,"Question_test_1hot",3
"Sugar","Question_test_2","drink","TRUE","TRUE","text box",NA,10,1,1,"kg",TRUE,"2015-10-20 21:37:59",NA,NA,"Question_test_2Sugar",3
"dfb","Question_test_1","xfdb","TRUE","FALSE","text box",NA,0,0,0,"none",FALSE,"1445447789.57159",NA,NA,"Question_test_1dfb",1
"sfesf","Question_test_1","sefsfs","TRUE","FALSE","text box",NA,0,0,0,"none",FALSE,"1445448015.98468",NA,NA,"Question_test_1sfesf",1
"wer","Question_test_1","se","TRUE","FALSE","text box",NA,0,0,0,"none",FALSE,"1445449197.54292",NA,NA,"Question_test_1wer",1
"wer","Question_test_1","wer","TRUE","FALSE","text box",NA,0,0,0,"none",FALSE,"1445449208.35004",NA,NA,"Question_test_1wer",1
"tyu","Question_test_1","tyu","TRUE","FALSE","text box",NA,0,0,0,"none",FALSE,"1445449306.10752",NA,NA,"Question_test_1tyu",1
"iop","Question_test_1","iop","TRUE","FALSE","text box",NA,0,0,0,"none",FALSE,"1445449433.56308",NA,NA,"Question_test_1iop",1
"ll","Question_test_1","ll","TRUE","FALSE","text box",NA,0,0,0,"none",FALSE,"1445449635.4972",NA,NA,"Question_test_1ll",1
"gg","Question_test_1","gg","TRUE","FALSE","text box",NA,0,0,0,"none",FALSE,"1445450047.94676",NA,NA,"Question_test_1gg",1
"try","Question_test_1","rty","TRUE","FALSE","text box",NA,0,0,0,"none",FALSE,"1445452563.84907",NA,NA,"Question_test_1try",1
"ser","Question_test_1","se","TRUE","FALSE","text box",NA,0,0,0,"none",FALSE,"2015-10-21 19:43:31",NA,NA,"Question_test_1ser",2
"ser","Question_test_1","se","TRUE","FALSE","text box",NA,0,0,0,"none",FALSE,"2015-10-21 19:43:37",NA,NA,"Question_test_1ser",3
"sdf","Question_test_1","sdf","TRUE","FALSE","text box",NA,0,0,0,"none",FALSE,"1445453030.89449",NA,NA,"Question_test_1sdf",1
"hjk","Question_test_1","hjk","TRUE","FALSE","text box",NA,0,0,0,"none",FALSE,"1445453197.39864",NA,NA,"Question_test_1hjk",1
"jkl","Question_test_1","jkl","TRUE","FALSE","text box",NA,0,0,0,"none",FALSE,"1445453272.85033",NA,NA,"Question_test_1jkl",1
"uio","Question_test_1","uio","TRUE","FALSE","text box",NA,0,0,0,"none",FALSE,"1445453398.13614",NA,NA,"Question_test_1uio",1
"zxc","Question_test_1","zxc","TRUE","FALSE","text box",NA,0,0,0,"none",FALSE,"1445453461.66277",NA,NA,"Question_test_1zxc",1
"asd","Question_test_1","asd","TRUE","FALSE","text box",NA,0,0,0,"none",FALSE,"1445453537.61725",NA,NA,"Question_test_1asd",1
"vbn","Question_test_1","vbn","TRUE","FALSE","text box",NA,0,0,0,"none",FALSE,"1445454205.30969",NA,NA,"Question_test_1vbn",1
"new_test","Question_test_1","new_test","TRUE","FALSE","text box",NA,0,0,0,"none",FALSE,"1445455036.84139",NA,NA,"Question_test_1new_test",1
"update","Question_test_1","waww","TRUE","FALSE","text box",NA,0,0,0,"none",TRUE,"2015-10-21 20:50:32",NA,NA,"Question_test_1update",4
"update","Question_test_1","waww","TRUE","FALSE","text box",NA,0,0,0,"none",FALSE,"2015-10-21 20:55:30",NA,NA,"Question_test_1update",5
"update","Question_test_1","waww","TRUE","FALSE","text box",NA,0,0,0,"none",TRUE,"2015-10-21 20:55:52",NA,NA,"Question_test_1update",6
"update","Question_test_1","waww","TRUE","FALSE","text box",NA,0,0,0,"none",FALSE,"2015-10-21 20:56:26",NA,NA,"Question_test_1update",7
"update","Question_test_1","waww","TRUE","FALSE","text box",NA,0,0,0,"none",TRUE,"2015-10-21 21:08:15",NA,NA,"Question_test_1update",8
"update","Question_test_1","waww","TRUE","FALSE","text box",NA,0,0,0,"none",FALSE,"2015-10-21 21:19:13",NA,NA,"Question_test_1update",9
"update","Question_test_1","waww","TRUE","FALSE","text box","",0,0,0,"none",TRUE,"2015-10-21 22:39:30","","","Question_test_1update",10
